"Buurten";"Inwoners";"Mannen %";"Vrouwen %";"Totaal 0-9 jaar";"Totaal 10-19 jaar";"Totaal 20-29 jaar";"Totaal 30-39 jaar";"Totaal 40-49 jaar";"Totaal 50-59 jaar";"Totaal 60-69 jaar";"Totaal 70-79 jaar";"Totaal 80-89 jaar";"Totaal 90 jaar en ouder";"koopwoningen %";"huurwoningen %";"corporatiewoningen %";"flat, appartement, etagewoning";"meergezinswoningen %";"totaal eengezinswoningen";"eengezins, geschakeld-vrij of halfvrijstaand";"eengezins tussenwoning";"eengezins vrijstaand";"eengezinswoningen %";"heeft last van vervuilde lucht %";"heeft last van stank %";"heeft last van (minstens 1 vorm van) geluidshinder %";"ondervond hinder van water door hevige regenbuien in de openbare ruimte";"ondervond hinder van warmte in de openbare ruimte";"ondervond hinder van droogte in het openbaar groen";"gemiddeld elektriciteitsverbruik totaal";"gemiddeld aardgasverbruik totaal";"woningen met stadsverwarming %";"voelt zich (zeer) onveilig als gevolg van gevaarlijke stoffen/straling/luchtverontreiniging %";"tevreden over het onderhoud van de bomen in het park/groengebied";"tevreden over het onderhoud van de bomen in uw buurt";"tevredenheid over de inrichting van de openbare ruimte";"tevredenheid over het onderhoud van de openbare ruimte";"% tevreden over de inrichting van groen in de openbare ruimte";"% tevreden over het onderhoud van groen in de openbare ruimte";"rapportcijfer voor het onderhoud/reparatie van de buurt";"rapportcijfer voor het schoonhouden van de straat";"vindt Eindhoven een groene stad";"schaalscore fysieke kwaliteit buurtvoorzieningen";"Heeft een langdurige ziekte";"Voelt zich niet zo gelukkig of ongelukkig";"Beoordeling eigen gezondheid: matig of slecht";"Door langdurige ziekte sterk belemmerd thuis";"Door langdurige ziekte sterk belemmerd in vrije tijd";"Mate van redzaamheid: niet zelfredzaam";"Is mantelzorger";"Afstand tot huisartsenpost";"Afstand tot huisartsenpraktijk";"Afstand tot apotheek";"Afstand tot ziekenhuis (inclusief buitenpolikliniek)";"Gebruik jeugdvoorzieningen (per 100 inwoners onder de 18 jaar)";"Gebruik WMO voorziening (per 100 inwoners van 18 jaar en ouder)";"Medicijngebruik per inwoner";"Maakt u zich zorgen om geld";"Kan moeilijk rondkomen";"Heeft schulden";"Heeft onvoldoende geld voor dagelijkse warme maaltijd";"Registraties diefstal per 1.000 inwoners";"Registraties geweld per 1.000 inwoners";"Registraties inbraak per 1.000 inwoners";"Registraties overlast per 1.000 inwoners";"Voelt zich wel eens onveilig in de eigen buurt %";"Aandeel personen dat de perceptie heeft dat er veel criminaliteit in de eigen buurt is";"Rapportcijfer dat mensen geven aan veiligheid in hun buurt";"schaalscore sociale cohesie";"Geregistreerde werkzoekenden UWV zonder dienstverband t.o.v. het aantal 15 t/m 74 jarigen";"Aantal inkomensontvangers";"Gemiddeld persoonlijk inkomen per inkomensontvanger (x1000 euro)";"Gemiddeld besteedbaar huishoudeninkomen (x1000 euro)";"hoog huishoudinkomen (20%) %";"Aandeel economisch zelfstandig";"Inkomensongelijkheid";"personen in particuliere huishoudens met inkomen tot 120% van het sociaal minimum %";"personen in particuliere huishoudens met laag inkomen %";"personen in particuliere huishoudens met langdurig laag inkomen %";"particuliere huishoudens met inkomen tot 120% van het sociaal minimum %";"particuliere huishoudens met laag inkomen %";"particuliere huishoudens met langdurig laag inkomen %";"Aandeel huishoudens dat gebruik maakt van minimaregeling";"PW uitkeringen totaal";"PW uitkeringen tov aantal 15 t/m 64 jarigen %";"WW'ers tov aantal 15 t/m 64 jarigen %";"AO'ers tov aantal 15 t/m 64 jarigen %";"Bedrijfsvestigingen totaal";"Totaal aantal werkzame personen (inclusief uitzendkrachten)";"Totaal aantal winkelpanden";"Afstand tot grote supermarkt";"Afstand tot overige dagelijkse levensmiddelen";"Totaal verkoopvloeropp winkelpanden";"tevreden over afvoer van het regenwater als het flink geregend heeft";"tevreden over de kwaliteitsbewaking van het 'openbare water'"
"Achtse Barrier-Gunterslaer";3742;49,9;50,1;404;375;377;533;479;537;510;409;109;9;77;4;19;119;8;1468;596;851;21;92;23;16;53;9;22;18;3060;1170;".";30;81;71;66;62;62;56;6,6;6,6;67;6,4;25;5;10;5;6;11;14;3,3;0,5;0,5;3,3;13,6;5,8;2,4;10;7;15;2;5,1;3,2;3,2;6,2;16;0;7,5;6,5;"-";3000;39,2;50,7;22,2;76,9;0,22;4,5;1,8;0,7;6,6;2,6;1,3;4,5;42;2;1;5;536;3045;9;0,6;1,6;2528;78;86
"Achtse Barrier-Hoeven";3885;50,5;49,5;391;412;354;551;478;571;629;377;110;12;60;5;35;267;18;1474;632;803;39;82;29;24;68;12;17;22;2920;1020;".";36;85;70;68;59;74;61;6,7;6,8;66;6,7;32;7;14;7;7;14;14;3,9;1,1;1,1;3,9;16,5;8,4;2,6;15;10;16;3;3,8;1,0;2,3;5,9;15;8;7,4;6,3;1;3200;37,5;48,0;19,2;74,7;0,24;7,1;3,3;1,2;11,1;4,3;2,1;7,2;80;3;1;6;273;415;9;0,6;0,6;1881;76;84
"Achtse Barrier-Spaaihoef";4521;51,6;48,4;482;499;371;683;591;579;795;388;115;18;88;5;7;83;4;1803;671;989;143;96;24;12;69;6;15;17;3260;1090;".";29;83;72;73;65;80;70;6,9;7,0;56;7,0;25;3;13;3;4;12;17;4,2;0,6;0,6;4,2;11,0;4,9;2,3;9;5;16;1;4,7;0,7;2,6;3,8;17;1;7,5;6,5;1;3600;41,4;56,1;26,0;81,5;0,21;2,3;1,0;0,3;4,0;1,8;0,8;3,1;25;1;1;4;357;560;1;0,9;1,0;49;77;86
"Barrier";2047;51,1;48,9;162;252;373;280;274;275;211;153;62;5;48;12;39;164;18;733;177;554;2;82;25;8;39;11;25;22;2760;980;".";29;92;82;75;68;75;74;7,0;6,9;60;7,1;19;5;14;6;7;18;17;1,3;0,7;0,7;1,3;13,6;8,3;2,6;20;18;20;6;6,4;6,4;4,4;12,7;17;10;7,2;6,0;6;1700;".";44,2;15,6;76,5;0,26;8,3;3,5;1,5;12,6;4,7;2,6;8,9;56;4;1;7;172;235;5;0,6;1,1;491;77;89
"BeA2";28;60,7;39,3;1;0;3;6;3;7;6;2;0;0;".";".";".";0;".";7;2;0;5;".";".";".";".";".";".";".";4980;2380;".";".";".";".";".";".";".";".";".";".";".";".";".";".";".";".";".";".";".";6,8;4,0;4,2;6,8;".";12,5;".";".";".";".";".";96,8;0,0;142,9;0,0;".";".";".";".";"-";0;".";".";".";".";".";"-";"-";"-";".";".";"-";0,0;"x";0;".";".";23;1150;0;3,9;2,4;0;".";"."
"Beemden";"x";"-";"-";"x";"x";"x";"x";"x";"x";"x";"x";"x";"x";".";".";".";0;".";0;0;0;0;".";".";".";".";".";".";".";".";".";".";".";".";".";".";".";".";".";".";".";".";".";".";".";".";".";".";".";".";".";".";".";".";".";".";".";".";".";".";".";".";".";".";".";".";".";".";".";"-";0;".";".";".";".";".";"-";"-";"-";".";".";"-";".";".";".";".";".";179;10400;1;".";".";99;".";"."
"Bennekel-Oost";3348;53,9;46,1;277;280;720;688;420;365;283;222;79;14;38;12;51;609;36;1032;262;765;5;64;20;9;48;15;29;19;2430;890;".";23;87;75;73;69;72;74;6,9;6,7;67;6,9;31;11;14;8;11;19;15;4,3;0,4;0,4;4,3;13,1;8,8;2,4;15;14;26;5;12,3;6,3;8,0;20,4;33;19;6,8;5,1;2;2800;30,8;36,8;7,2;69,1;0,24;14,3;6,4;3,1;18,0;6,5;3,4;13,0;137;5;1;7;262;570;14;0,4;0,4;4479;68;91
"Bennekel-West, Gagelbosch";3342;50,3;49,7;227;307;402;517;393;411;388;381;246;70;30;22;48;608;36;1093;323;765;5;64;20;9;48;15;29;19;2390;910;".";23;87;75;73;69;72;74;6,9;6,7;67;6,9;31;11;14;8;11;19;15;3,7;0,5;0,9;3,7;10,7;15,2;3,3;15;14;26;5;6,0;4,8;25,7;10,2;33;19;6,8;5,1;"-";2800;30,8;36,4;7,8;69,5;0,24;14,8;5,8;3,5;18,2;5,7;3,0;14,2;124;6;1;8;239;590;3;0,9;0,5;252;68;91
"Bergen";2906;55,2;44,8;118;179;1023;659;267;315;168;117;55;5;32;59;9;1389;86;233;72;157;4;14;27;13;69;9;25;13;2470;810;".";31;93;86;65;75;61;75;7,2;6,9;51;6,4;16;5;7;2;4;23;11;4,2;0,5;0,5;3,4;9,3;2,3;1,5;19;9;27;3;47,3;8,8;3,6;75,6;38;21;7,0;5,5;1;2500;".";50,7;15,0;84,4;0,34;5,0;3,9;1,2;6,6;4,6;1,5;2,5;18;1;1;2;594;3850;63;0,7;0,2;6312;73;87
"Binnenstad";4074;59,1;40,9;118;399;1617;836;350;260;234;181;70;9;18;62;20;2135;92;140;18;118;4;8;32;25;77;11;31;19;2270;630;10;33;93;88;62;74;68;80;7,5;7,0;55;6,5;13;3;6;2;4;13;9;3,7;1,1;1,1;2,9;8,4;3,6;1,5;18;10;29;4;360,0;96,9;5,1;304,0;28;24;6,8;5,0;2;3300;41,5;41,3;10,1;78,5;0,33;9,6;6,2;1,8;11,6;7,1;1,9;3,8;83;2;1;3;1032;11595;270;0,5;0,3;90278;81;88
"Blaarthem";2523;52,5;47,5;208;231;492;465;317;313;271;156;59;11;33;15;53;608;48;685;278;397;10;52;27;14;53;17;36;29;2260;950;".";36;91;77;62;68;67;69;6,9;6,7;51;6,7;27;8;15;5;7;19;15;4,0;0,6;0,6;4,0;12,9;8,9;2,5;22;11;21;5;7,9;7,5;4,5;14,6;30;20;6,8;5,9;1;2000;".";35,3;8,8;67,2;0,26;19,7;8,9;3,8;23,4;8,8;3,7;16,8;126;7;2;11;193;765;10;0,5;0,3;2261;67;88
"Blixembosch-Oost";7386;50,1;49,9;815;1027;761;857;1016;1442;900;347;203;18;87;8;5;225;9;2428;1266;723;439;91;21;14;45;7;20;26;3670;1080;".";36;94;86;78;76;79;78;7,3;7,4;61;7,1;17;5;10;2;5;15;22;3,6;0,4;0,6;3,6;10,4;4,2;2,2;11;7;10;1;3,5;1,0;5,2;4,7;7;3;7,8;6,5;2;5700;48,2;68,7;44,0;83,5;0,23;1,3;0,7;0,2;2,2;1,1;0,2;1,1;10;0;1;3;577;1130;7;0,6;0,6;1866;82;93
"Blixembosch-West";2017;51,2;48,8;188;244;163;198;235;317;382;232;50;8;85;15;0;0;0;772;559;79;134;100;21;14;45;7;20;26;3660;1380;".";36;94;86;78;76;79;78;7,3;7,4;61;7,1;17;5;10;2;5;15;22;3,2;0,9;0,9;3,2;9,3;3,3;2,3;11;7;10;1;2,9;0,0;2,6;2,9;7;3;7,8;6,5;4;1700;".";72,0;46,0;81,0;0,23;1,0;1,2;0,3;1,7;1,6;0,7;0,0;"x";0;1;3;190;265;1;1,0;0,7;65;82;93
"Bloemenplein";1230;53,3;46,7;98;94;322;255;149;107;100;77;26;2;28;35;36;268;44;372;137;232;3;56;34;13;49;10;28;25;2390;910;".";36;91;80;69;71;72;74;6,9;6,6;57;6,8;22;8;13;6;8;16;11;5,0;0,8;0,9;4,2;11,8;5,9;2,2;24;18;30;7;17,5;4,8;13,3;11,1;22;11;7,0;6,2;3;1000;".";37,3;9,7;74,6;0,26;14,5;7,0;2,3;17,3;7,8;3,0;10,5;43;5;1;5;153;590;20;0,3;0,3;5146;73;89
"Bokt";127;53,5;46,5;13;16;17;11;8;32;16;6;8;0;76;18;5;0;24;36;17;2;17;76;".";".";".";".";".";".";4660;1760;".";".";".";".";".";".";".";".";".";".";".";".";".";".";".";".";".";".";".";4,9;1,9;2,4;4,9;16,0;3,3;".";".";".";".";".";7,8;23,4;52,6;23,4;".";".";".";".";34;100;".";".";".";".";".";13,2;8,8;4,7;".";".";"-";0,0;"x";1;0;13;25;65;0;1,9;1,9;0;".";"."
"Bosrijk";606;51,0;49,0;74;114;33;84;127;106;44;22;2;0;94;6;1;0;10;160;56;93;11;90;22;8;50;13;24;29;3540;1100;".";37;90;81;77;69;77;74;7,3;7,2;50;7,2;23;3;8;3;6;16;18;5,8;2,7;2,7;5,8;6,7;1,7;1,5;10;7;14;2;0,0;2,0;5,1;5,9;6;3;7,7;6,0;"-";300;".";80,4;55,6;88,8;0,25;1,2;1,2;0,0;1,9;1,3;0,0;0,0;"x";0;3;3;42;80;0;1,0;1,0;0;76;88
"Burghplan";3014;51,9;48,1;289;321;501;525;420;406;293;169;82;8;39;12;49;551;37;941;255;682;4;63;22;11;50;10;23;27;2210;980;".";30;88;79;71;71;74;70;6,9;6,5;56;7,1;30;9;17;7;10;17;16;4,4;0,8;1,2;3,8;10,9;8,0;2,5;20;12;19;7;14,7;4,3;0,7;10,4;20;13;7,0;5,8;3;2400;".";37,9;9,3;71,4;0,24;14,7;6,2;3,6;18,9;7,1;4,6;13,5;131;6;1;8;237;695;6;0,4;0,7;2334;75;89
"CastiliÃ«laan";637;47,6;52,4;71;59;200;156;75;38;29;9;0;0;4;18;77;17;27;0;0;0;0;73;".";".";".";".";".";".";3380;330;".";".";".";".";".";".";".";".";".";".";".";".";".";".";".";".";".";".";".";4,2;1,9;1,9;4,2;33,3;6,8;".";".";".";".";".";6,9;24,1;17,4;10,3;".";".";".";".";"-";0;".";".";".";".";".";"-";"-";"-";".";".";"-";0,0;"x";0;0;26;16;1225;0;1,7;1,8;0;".";"."
"Doornakkers-Oost";2915;51,8;48,2;270;305;433;476;396;360;287;197;138;53;22;6;72;462;31;985;293;688;4;69;28;21;57;16;27;27;2380;850;".";41;88;78;65;72;59;66;7,0;6,8;55;6,9;25;4;15;7;10;23;13;5,0;0,4;0,4;3,2;12,5;15,4;3,1;20;18;25;4;5,5;3,8;5,5;13,8;25;18;6,8;5,7;4;2300;".";33,1;6,1;60,2;0,23;20,4;9,6;5,0;25,7;10,6;5,3;18,7;170;9;2;11;208;545;3;0,8;0,8;404;71;87
"Doornakkers-West";3555;54,2;45,8;326;327;748;606;442;432;337;245;86;6;42;16;41;420;26;1252;399;830;23;74;28;21;57;16;27;27;2490;990;".";41;88;78;65;72;59;66;7,0;6,8;55;6,9;25;4;15;7;10;23;13;4,6;0,7;0,7;2,5;12,0;7,8;2,6;20;18;25;4;7,0;4,2;5,3;16,2;25;18;6,8;5,7;3;2900;31,8;38,7;9,7;70,2;0,25;13,1;7,4;3,4;16,6;7,7;4,0;12,7;118;5;2;8;386;925;11;0,8;0,3;1032;71;87
"Drents Dorp";2654;49,7;50,3;308;285;362;488;422;327;261;149;47;5;16;5;79;144;15;1001;277;723;1;85;26;11;52;14;28;24;2420;930;".";33;88;79;74;74;76;72;6,9;6,6;62;6,9;34;12;28;16;16;17;17;3,6;0,9;0,9;3,6;14,6;9,7;2,6;16;14;14;4;7,4;5,0;3,4;12,4;20;10;7,0;5,9;4;1900;".";35,4;7,5;64,5;0,24;20,0;8,8;4,0;24,8;9,4;4,4;17,8;136;7;2;12;178;895;0;1,0;1,1;0;70;91
"Driehoeksbos";934;49,7;50,3;54;94;82;52;86;168;148;163;71;16;78;2;20;84;21;324;185;24;115;79;25;12;46;5;19;17;3680;1250;".";39;89;79;70;66;68;71;7,0;6,8;63;6,9;20;5;11;6;5;18;17;2,3;0,6;1,7;2,3;13,8;9,3;2,9;14;9;14;4;33,7;6,3;4,9;24,2;15;6;7,4;6,3;3;800;".";79,6;41,3;83,0;0,34;1,1;0,5;0,0;1,5;0,7;0,0;0,0;"x";0;0;2;117;1340;0;1,3;1,3;0;81;89
"Eckart";4312;48,4;51,6;431;465;602;651;456;544;479;402;250;32;32;5;62;781;38;1279;300;969;10;62;16;7;40;11;20;26;2320;940;".";33;80;71;68;61;67;58;6,7;6,7;68;6,4;28;6;19;6;9;19;17;2,5;0,5;0,5;2,5;12,8;12,7;3,2;23;20;19;10;5,4;4,0;4,9;7,9;21;15;6,8;5,5;3;3500;29,2;36,6;8,4;66,5;0,23;18,2;8,2;4,3;21,5;7,2;3,8;16,3;200;7;1;8;368;800;6;0,5;0,8;2367;79;90
"Eckartdal";316;53,2;46,8;1;5;18;27;54;63;80;49;15;4;0;96;4;46;90;0;0;0;0;10;".";".";".";".";".";".";4600;1600;".";".";".";".";".";".";".";".";".";".";".";".";".";".";".";".";".";".";".";3,0;1,4;1,4;2,7;".";80,8;".";".";".";".";".";3,2;3,2;0,0;3,2;".";".";".";".";"";0;".";".";".";".";".";"-";"-";"-";".";".";"-";0,0;"x";2;0;98;1;820;0;1,4;1,6;0;".";"."
"Eikenburg";1506;49,9;50,1;157;182;121;157;190;237;224;155;69;14;73;5;21;164;28;485;212;217;56;72;31;7;45;9;20;32;3220;1360;".";38;87;80;74;75;83;77;7,4;7,3;58;7,2;16;3;10;2;3;8;21;6,3;1,1;1,3;5,6;9,7;4,9;2,1;2;3;12;0;16,9;4,5;8,8;17,5;8;4;7,8;7,6;2;1200;".";74,2;45,2;78,3;0,32;5,5;3,1;1,1;10,4;4,9;1,6;2,0;20;2;1;4;176;530;0;1,0;1,0;0;70;90
"Eindhoven Airport";"x";"x";"x";"x";"x";"x";"x";"x";"x";"x";"x";"x";"x";".";".";".";0;".";2;0;0;2;".";".";".";".";".";".";".";".";".";".";".";".";".";".";".";".";".";".";".";".";".";".";".";".";".";".";".";".";".";".";".";".";".";".";".";".";".";".";".";".";".";0,0;".";".";".";".";".";"-";0;".";".";".";".";".";"-";"-";"-";".";".";"-";".";".";".";".";".";33;1130;3;".";".";373;".";"."
"Eliasterrein, Vonderkwartier";3328;52,2;47,8;275;332;694;584;417;392;331;176;95;32;66;22;12;616;45;800;144;650;6;55;33;9;49;16;27;23;2710;980;".";36;87;85;66;71;66;73;7,1;7,0;53;7,1;20;6;11;3;6;12;14;4,1;0,7;0,8;3,3;12,0;7,2;1,8;10;6;18;1;10,8;0,9;3,3;2,7;15;1;7,5;6,7;"-";2600;43,6;50,5;22,8;84,0;0,26;4,8;2,6;1,0;7,0;3,5;1,2;4,0;33;1;1;3;282;515;3;0,7;0,6;525;65;91
"Elzent-Noord";1255;54,6;45,4;98;127;274;222;142;128;103;107;51;3;48;52;0;405;71;165;105;11;49;29;20;9;49;11;16;19;3050;1280;".";32;95;92;79;74;88;84;7,4;7,2;73;7,2;23;6;7;6;7;7;16;4,5;0,3;0,3;3,6;3,4;4,4;2,2;8;8;15;3;28,7;5,4;12,3;32,3;12;4;7,6;6,8;1;900;".";81,5;35,6;80,0;0,45;3,1;1,5;0,0;5,6;2,9;0,0;2,7;"x";1;1;1;185;535;6;0,4;0,6;1390;77;95
"Elzent-Zuid";285;51,9;48,1;12;32;31;13;27;45;51;50;20;4;75;25;0;77;51;74;35;0;39;49;20;9;49;11;16;19;3880;1620;".";32;95;92;79;74;88;84;7,4;7,2;73;7,2;23;6;7;6;7;7;16;5,0;1,0;1,1;4,2;5,0;2,8;2,9;8;8;15;3;16,7;0,0;19,9;6,7;12;4;7,6;6,8;"-";300;".";112,2;50,0;80,1;0,49;5,2;5,2;0,0;4,3;5,0;0,0;0,0;"x";0;0;0;39;95;0;1,1;0,9;0;77;95
"Engelsbergen";633;51,5;48,5;31;74;78;83;60;104;97;77;23;6;77;17;6;77;30;203;68;47;88;70;33;9;49;16;27;23;3210;1350;".";36;87;85;66;71;66;73;7,1;7,0;53;7,1;20;6;11;3;6;12;14;4,2;0,7;0,7;3,7;8,6;3,8;2,3;10;6;18;1;15,8;0,0;3,4;4,7;15;1;7,5;6,7;8;600;".";61,0;31,9;81,9;0,28;2,4;1,6;0,0;4,5;2,4;0,0;3,1;"x";0;0;2;122;670;5;0,6;0,5;3713;65;91
"Esp";18;"x";"x";1;0;3;3;1;3;1;3;3;0;".";".";".";0;".";5;0;0;5;".";".";".";".";".";".";".";".";".";".";".";".";".";".";".";".";".";".";".";".";".";".";".";".";".";".";".";".";4,7;1,8;2,2;4,7;".";6,7;".";".";".";".";".";66,7;0,0;200,0;0,0;".";".";".";".";1222;0;".";".";".";".";".";"-";"-";"-";".";".";"-";".";".";".";".";".";106;1645;0;1,5;1,5;0;".";"."
"Fellenoord";197;61,9;38,1;1;8;124;50;11;2;0;1;0;0;0;100;0;160;100;0;0;0;0;0;".";".";".";".";".";".";1610;630;".";".";".";".";".";".";".";".";".";".";".";".";".";".";".";".";".";".";".";2,6;1,0;1,0;2,1;".";".";".";".";".";".";".";1926,3;163,2;6,3;1121,1;".";".";".";".";"-";200;".";33,5;3,7;91,2;0,19;4,9;0,0;"-";".";".";"-";0,0;"x";0;0;0;227;6860;8;0,2;0,1;669;".";"."
"Flight Forum";"x";"-";"-";"x";"x";"x";"x";"x";"x";"x";"x";"x";"x";".";".";".";0;".";0;0;0;0;".";".";".";".";".";".";".";".";".";".";".";".";".";".";".";".";".";".";".";".";".";".";".";".";".";".";".";".";".";".";".";".";".";".";".";".";".";".";".";".";".";".";".";".";".";".";".";1000;0;".";".";".";".";".";"-";"-";"-";".";".";"-";".";".";".";".";".";405;9630;0;".";".";0;".";"."
"Genderbeemd";3600;52,2;47,8;355;346;464;544;488;424;440;411;116;12;68;5;27;424;26;1229;511;682;36;74;28;12;44;13;26;22;2750;1080;".";45;88;79;75;80;75;73;7,2;7,2;67;7,0;24;6;12;5;6;13;18;3,0;1,2;1,0;3,0;10,8;5,7;2,3;9;8;15;1;4,5;3,1;12,1;6,1;15;3;7,4;6,2;"-";3000;39,5;48,9;21,0;76,3;0,24;5,6;2,5;1,1;8,8;3,5;1,4;6,6;60;3;1;6;336;1615;2;0,8;1,2;485;73;82
"Genderdal";2950;51,4;48,6;233;278;519;540;376;344;290;228;122;20;25;4;71;847;54;729;241;488;0;46;21;12;43;13;25;19;2020;840;".";29;88;84;77;77;82;77;7,3;7,1;70;7,2;25;7;16;6;9;22;15;3,9;1,0;1,2;3,9;10,3;11,6;2,8;18;19;26;7;12,0;4,1;7,0;11,7;32;16;6,9;5,6;2;2400;".";32,7;5,4;65,9;0,24;20,6;8,6;4,5;24,3;8,9;4,3;17,5;172;8;2;9;237;1395;2;0,9;0,5;79;73;89
"Generalenbuurt";5339;51,3;48,7;413;506;920;875;637;643;547;427;288;83;43;14;43;1122;42;1543;456;1086;1;58;22;10;42;13;28;25;2350;930;".";28;84;74;72;72;62;61;6,6;6,6;59;6,9;33;7;21;6;9;22;15;1,0;0,7;0,9;0,9;12,0;11,6;2,7;13;11;18;6;12,8;3,1;6,7;10,7;20;11;7,1;5,6;0;4400;32,6;39,7;9,5;72,6;0,23;11,6;5,3;2,6;14,0;5,5;2,4;10,1;156;4;1;8;330;2095;3;0,6;0,6;899;77;83
"Gennep";38;52,6;47,4;2;4;9;9;2;6;1;5;0;0;".";".";".";0;".";11;0;0;11;".";".";".";".";".";".";".";4590;1480;".";".";".";".";".";".";".";".";".";".";".";".";".";".";".";".";".";".";".";5,3;1,2;1,3;5,2;".";39,3;".";".";".";".";".";914,3;85,7;90,9;428,6;".";".";".";".";231;0;".";".";".";".";".";"-";"-";"-";".";".";"-";0,0;"x";0;".";".";22;170;1;1,4;1,2;90;".";"."
"Genneperzijde";1362;45,5;54,5;77;133;159;94;111;124;150;190;213;111;51;12;37;553;70;235;79;112;44;30;20;9;49;11;16;19;2840;1140;".";32;95;92;79;74;88;84;7,4;7,2;73;7,2;23;6;7;6;7;7;16;5,5;0,5;1,2;4,9;8,1;25,1;3,5;8;8;15;3;17,8;0,0;11,4;3,0;12;4;7,6;6,8;"-";1000;".";58,7;24,5;79,8;0,35;5,1;1,4;0,5;9,0;2,7;0,9;3,1;"x";1;2;5;123;715;0;0,6;0,7;0;77;95
"Gerardusplein";3380;49,9;50,1;344;410;560;537;461;452;345;194;65;12;66;20;13;317;22;1135;231;860;44;78;32;11;50;13;34;25;2740;1120;".";39;94;88;77;77;80;84;7,3;7,0;61;7,1;20;7;11;3;5;13;17;5,8;0,6;0,7;4,9;10,3;7,0;2,0;17;9;16;2;12,2;2,7;2,0;15,4;11;3;7,8;7,0;2;2700;41,6;52,9;23,4;81,4;0,28;6,0;2,7;0,9;10,2;4,3;1,6;4,1;59;2;1;4;374;885;6;0,4;0,3;2572;69;93
"Gijzenrooi";1772;50,8;49,2;161;192;152;159;198;281;356;189;75;9;80;13;6;14;2;717;453;123;141;98;13;3;23;5;24;26;3220;1290;".";37;88;81;75;66;75;64;7,2;7,2;54;7,1;27;5;16;3;5;12;22;5,5;1,2;1,5;5,0;10,3;5,6;2,5;4;3;15;0;13,0;2,3;2,7;2,8;9;4;7,8;7,0;1;1500;".";72,2;45,4;77,8;0,28;3,1;1,1;0,3;4,1;1,0;0,0;1,3;"x";0;2;5;155;225;0;1,2;0,7;0;79;89
"Gildebuurt";2280;60,6;39,4;85;106;795;443;254;232;132;143;77;13;29;41;30;642;70;296;75;216;5;30;35;20;76;13;29;25;2230;950;".";41;88;80;52;61;59;61;6,5;5,8;44;6,3;21;8;7;3;5;20;12;2,1;1,1;1,1;1,6;7,2;13,6;2,5;18;10;24;2;17,8;9,1;4,9;52,6;49;48;5,6;4,5;5;1500;".";36,7;7,8;76,1;0,29;14,9;6,9;2,9;16,2;7,3;3,8;9,4;199;11;2;6;225;795;47;0,4;0,3;18710;78;86
"Grasrijk";5950;50,9;49,1;870;863;394;1069;1264;724;383;292;79;12;77;8;15;429;19;1789;556;1043;190;81;22;8;50;13;24;29;3320;130;84;37;90;81;77;69;77;74;7,3;7,2;50;7,2;23;3;8;3;6;16;18;4,7;2,2;2,2;4,7;9,9;4,3;1,8;10;7;14;2;12,9;1,5;3,5;3,7;6;3;7,7;6,0;"-";4200;52,4;63,3;38,5;81,4;0,25;2,5;1,3;0,5;4,7;2,0;0,7;3,5;31;1;1;4;383;795;0;1,0;1,4;0;76;88
"Hagenkamp";1234;48,7;51,3;67;77;183;211;130;103;98;145;156;64;16;18;67;574;74;210;55;155;0;26;29;15;51;7;28;23;1970;790;".";36;92;80;71;74;77;75;7,1;7,1;58;6,8;19;8;9;5;5;15;15;4,9;0,4;0,4;4,2;14,4;24,0;3,8;11;7;18;2;21,6;5,8;6,2;9,2;17;8;7,4;6,3;6;1000;".";31,6;4,8;71,8;0,22;19,2;7,5;3,7;21,9;7,3;4,0;12,6;45;6;1;9;81;2620;1;1,1;0,8;50;71;89
"Hanevoet";3708;49,3;50,7;326;441;439;428;491;509;473;410;170;21;48;6;46;254;15;1419;385;1030;4;85;30;4;41;10;22;19;2640;1030;".";43;86;75;68;71;73;72;6,8;7,0;62;6,7;27;5;17;7;8;20;21;2,7;0,7;0,8;2,7;12,5;9,4;2,7;6;8;15;2;11,5;4,1;8,4;12,3;20;7;7,4;6,3;"-";3000;33,8;43,8;15,7;71,4;0,23;10,1;4,4;2,1;13,6;5,0;2,6;10,6;88;4;1;8;240;2755;18;0,6;0,6;5796;80;92
"Heesterakker";2667;50,3;49,7;283;302;249;348;314;395;355;297;109;15;97;3;0;2;0;1076;452;594;30;100;15;9;36;9;17;23;3200;1200;".";26;88;71;73;68;69;64;6,9;6,7;60;6,9;21;6;11;3;5;7;15;3,9;1,4;1,4;3,9;12,4;5,6;2,6;4;2;9;1;2,6;1,5;2,8;3,8;13;7;7,5;6,7;"-";2100;".";57,7;27,8;83,8;0,17;0,6;0,4;0,0;1,0;0,5;0,0;1,5;"x";0;1;4;216;445;0;1,0;1,1;0;81;93
"Hemelrijken";4122;56,2;43,8;302;370;1369;720;434;400;283;158;78;8;13;30;57;1212;61;706;204;488;14;39;35;20;76;13;29;25;2340;660;".";41;88;80;52;61;59;61;6,5;5,8;44;6,3;21;8;7;3;5;20;12;2,2;0,6;0,6;2,0;9,2;7,0;2,1;18;10;24;2;18,0;10,2;4,4;41,6;49;48;5,6;4,5;1;3200;28,6;33,0;5,6;71,1;0,26;19,4;9,4;4,8;21,7;9,4;5,6;10,4;179;5;1;5;358;1945;36;0,3;0,2;7892;78;86
"Herdgang";13;"x";"x";0;0;5;0;1;3;2;1;1;0;".";".";".";0;".";6;0;0;6;".";".";".";".";".";".";".";5380;1590;".";".";".";".";".";".";".";".";".";".";".";".";".";".";".";".";".";".";".";4,4;3,0;3,0;4,4;".";9,1;".";".";".";".";".";1545,5;181,8;0,0;909,1;".";".";".";".";100;0;".";".";".";".";".";"-";"-";"-";".";".";"-";".";"x";0;".";".";5;115;1;3,4;0,3;50;".";"."
"Het Ven";3692;51,0;49,0;382;301;703;683;433;451;315;234;155;35;40;13;47;465;25;1447;429;999;19;75;34;27;46;8;23;24;2620;950;".";40;93;80;67;69;67;73;7,2;7,0;50;6,7;19;3;11;2;4;10;14;4,4;0,9;0,8;4,4;14,1;10,3;2,4;9;7;22;2;7,8;5,2;5,2;9,7;11;4;7,6;6,3;2;3100;33,5;40,5;13,1;75,2;0,25;13,1;5,4;2,7;17,2;6,5;2,9;11,2;102;4;1;7;429;1635;21;0,7;0,5;4866;63;91
"Hondsheuvels";417;37,2;62,8;24;26;37;28;27;18;33;61;113;50;34;7;60;86;98;0;0;0;0;2;".";".";".";".";".";".";2120;560;".";".";".";".";".";".";".";".";".";".";".";".";".";".";".";".";".";".";".";2,1;0,1;0,7;0,3;".";68,4;".";".";".";".";".";24,1;0,0;16,8;5,3;".";".";".";".";52;100;".";".";4,9;".";".";12,0;4,0;0,0;".";".";"-";0,0;"x";1;0;23;25;1695;0;0,5;0,5;0;".";"."
"Hurk";53;58,5;41,5;1;4;8;13;9;3;9;6;0;0;".";".";".";5;".";11;8;0;3;".";".";".";".";".";".";".";2300;1200;".";".";".";".";".";".";".";".";".";".";".";".";".";".";".";".";".";".";".";4,4;1,5;1,5;4,4;".";1,8;".";".";".";".";".";470,6;274,5;0,0;431,4;".";".";".";".";89;100;".";".";".";".";".";"-";"-";"-";".";".";"-";0,0;"x";0;0;0;713;13180;29;0,8;0,9;26162;".";"."
"Irisbuurt";2643;54,5;45,5;241;193;592;583;364;268;234;121;40;7;47;35;18;621;50;657;217;425;15;50;29;11;48;9;31;18;2480;790;".";36;90;76;73;73;73;74;7,1;6,6;53;6,7;22;7;10;2;5;11;14;4,3;1,0;1,0;3,4;8,8;4,5;1,8;14;9;18;2;24,7;3,4;3,0;15,7;16;5;7,5;6,3;1;2200;".";48,8;18,4;83,9;0,26;4,9;2,3;0,5;7,4;3,3;1,0;4,1;32;2;1;3;393;1545;16;0,5;0,5;5804;75;89
"Jagershoef";3592;49,0;51,0;345;446;484;505;418;482;364;318;197;33;33;2;65;608;35;1136;261;875;0;65;18;9;50;12;23;26;2290;1020;".";34;85;74;71;62;73;64;6,6;6,1;63;6,4;38;11;20;9;10;28;19;1,4;1,0;0,9;1,4;17,1;13,9;3,3;20;16;21;9;7,2;4,9;5,2;13,5;32;21;6,7;5,4;0;2900;28,1;34,4;5,0;65,2;0,22;19,0;7,7;4,4;21,5;7,1;4,0;18,7;178;8;1;10;164;325;1;0,7;0,7;600;84;82
"Joriskwartier";1295;52,3;47,7;108;91;366;284;119;123;96;60;39;9;46;39;15;324;49;327;120;198;9;51;22;12;59;9;24;15;2410;970;".";33;95;87;74;75;77;82;7,4;7,0;46;7,2;21;4;11;3;5;10;10;4,9;0,9;0,7;4,1;10,8;5,9;2,1;16;8;24;1;21,2;3,1;3,1;7,8;14;8;7,3;6,0;2;1100;".";43,3;15,3;81,4;0,27;8,4;4,4;1,1;11,1;5,7;1,0;4,1;25;2;1;3;161;345;13;0,4;0,3;2296;81;86
"Kapelbeemd";113;50,4;49,6;14;12;16;16;13;17;15;8;2;0;84;16;0;1;3;37;10;0;27;97;".";".";".";".";".";".";4820;1530;".";".";".";".";".";".";".";".";".";".";".";".";".";".";".";".";".";-9999900;".";4,9;0,5;1,8;4,9;9,1;4,5;".";".";".";".";".";28,0;28,0;0,0;18,7;".";".";".";".";11;100;".";".";".";".";".";0,0;0,0;0,0;".";".";"-";0,0;"x";0;0;0;161;5215;1;2,4;2,5;150;".";"."
"Karpen";464;48,9;51,1;33;59;22;27;46;70;85;72;40;10;92;8;0;45;21;168;34;0;134;79;22;5;53;11;23;25;5060;2440;".";33;90;84;66;70;70;72;7,2;7,2;49;7,0;19;2;8;4;7;9;13;3,6;1,3;1,4;1,7;3,8;4,3;2,7;14;6;17;1;50,5;10,5;4,7;21,1;17;11;7,5;6,8;20;400;".";128,9;72,1;76,9;0,39;2,2;2,2;0,0;3,2;3,2;0,0;0,0;"x";0;0;0;61;130;1;1,1;1,1;253;70;87
"Kerkdorp Acht";3574;49,6;50,4;268;409;338;319;411;533;612;433;210;41;83;8;9;145;10;1324;616;177;531;90;33;13;76;9;16;24;3750;1450;".";50;83;75;72;70;66;61;6,8;7,0;54;6,8;23;3;6;3;5;5;19;4,3;0,6;1,6;4,3;9,0;7,0;2,9;1;3;13;1;3,9;1,7;2,7;1,7;9;1;7,8;6,8;2;2900;47,7;65,8;37,5;79,4;0,28;2,9;1,5;0,3;4,8;1,9;0,4;2,1;10;0;1;3;315;725;4;2,3;2,4;261;76;87
"Kerstroosplein";1894;51,7;48,3;185;193;401;318;253;246;167;90;38;3;33;15;51;120;14;779;157;620;2;86;34;13;49;10;28;25;2350;1070;".";36;91;80;69;71;72;74;6,9;6,6;57;6,8;22;8;13;6;8;16;11;6,0;1,0;0,4;5,0;13,4;5,8;2,3;24;18;30;7;7,8;7,2;2,2;10,9;22;11;7,0;6,2;4;1500;".";35,8;8,8;68,2;0,25;15,7;8,7;3,3;19,2;9,8;4,6;12,2;80;6;2;7;206;360;13;0,4;0,3;2396;73;89
"Koudenhoven";524;49,2;50,8;53;77;21;36;76;79;66;75;33;8;97;3;0;0;0;222;130;1;91;100;22;5;53;11;23;25;4330;2050;".";33;90;84;66;70;70;72;7,2;7,2;49;7,0;19;2;8;4;7;9;13;4,1;1,6;1,6;2,5;11,0;5,1;2,5;14;6;17;1;11,1;1,9;0,0;7,4;17;11;7,5;6,8;"-";400;".";88,1;46,9;86,0;0,33;1,0;0,0;0,0;1,4;0,9;0,0;0,0;"x";0;0;4;49;80;0;1,3;1,3;0;70;87
"Kronehoef";4748;51,8;48,2;337;311;1002;856;426;423;366;382;455;190;26;31;43;1645;65;882;306;552;24;35;25;14;53;16;28;15;2280;820;".";38;91;79;66;68;67;72;6,8;6,4;56;6,7;25;6;14;3;6;15;12;1,4;0,4;0,8;1,4;11,8;19,5;3,4;17;8;22;1;12,5;6,8;5,1;24,0;31;28;6,6;5,3;3;3800;34,0;36,1;8,8;73,4;0,25;13,8;6,2;2,4;18,0;6,8;2,7;11,7;146;5;1;8;304;1360;8;0,6;0,5;727;72;92
"Kruidenbuurt";3322;50,9;49,1;481;372;489;632;472;411;269;156;38;2;48;13;39;151;18;1192;223;966;3;82;25;11;42;9;25;25;2610;930;".";39;90;78;68;70;76;69;7,0;6,9;55;6,9;19;4;10;3;4;9;16;5,6;0,9;0,5;4,9;12,0;6,5;2,1;14;8;25;3;6,4;1,8;2,8;6,1;15;8;7,5;6,2;2;2400;".";44,0;17,2;75,1;0,28;10,4;5,5;2,2;15,0;6,8;3,3;11,6;81;3;1;6;305;380;1;0,6;0,4;74;74;92
"Lakerlopen";3233;52,4;47,6;240;247;769;622;434;356;257;201;94;13;36;20;43;687;44;924;210;708;6;56;26;14;50;10;28;27;2260;820;".";33;89;82;64;67;62;66;7,0;6,8;48;6,7;20;7;14;5;5;14;11;4,5;0,6;0,6;2,6;9,3;8,1;2,3;11;9;28;4;10,2;6,5;2,4;29,5;18;11;7,1;5,9;1;2700;33,4;39,5;10,6;73,8;0,26;12,0;5,7;3,3;15,2;6,3;3,5;10,1;80;3;1;8;387;1275;51;0,5;0,3;41146;71;82
"Leenderheide";"x";"-";"-";"x";"x";"x";"x";"x";"x";"x";"x";"x";"x";".";".";".";0;".";0;0;0;0;".";".";".";".";".";".";".";".";".";".";".";".";".";".";".";".";".";".";".";".";".";".";".";".";".";".";".";".";".";".";".";".";".";".";".";".";".";".";".";".";".";".";".";".";".";".";".";"";0;".";".";".";".";".";"-";"-";"-";".";".";"-";".";".";".";".";".";"";"";0;".";".";0;".";"."
"Lievendaal";3180;51,7;48,3;308;338;423;518;509;411;335;243;89;6;34;11;55;478;30;1107;314;793;0;70;25;17;44;14;20;20;2410;910;".";30;90;84;71;66;79;74;6,9;6,8;59;7,3;23;6;15;5;6;14;18;4,5;0,9;0,9;4,5;14,6;10,7;2,5;13;13;15;3;3,5;4,8;3,2;9,8;13;8;7,2;5,7;"-";2500;".";39,9;12,6;73,8;0,24;13,4;5,6;2,2;17,7;6,0;2,9;13,1;105;5;1;9;218;1375;3;0,4;1,0;2179;75;93
"Limbeek-Noord";2929;59,3;40,7;166;201;1175;690;284;189;115;73;33;3;15;35;50;1110;83;267;93;165;9;17;21;16;71;13;29;15;1970;820;".";31;93;85;65;64;65;70;6,8;6,1;52;6,5;23;9;14;6;4;21;10;2,3;0,7;0,8;2,2;11,9;5,7;1,7;21;16;30;9;24,2;4,6;3,7;45,9;45;34;6,1;5,0;2;2000;".";32,1;4,4;73,6;0,25;15,9;7,0;2,6;18,3;7,7;3,3;9,5;103;4;1;5;237;490;12;0,5;0,4;7166;76;87
"Limbeek-Zuid";1353;52,7;47,3;84;122;262;199;171;178;197;116;22;2;20;17;64;430;55;357;57;300;0;45;21;16;71;13;29;15;2220;750;".";31;93;85;65;64;65;70;6,8;6,1;52;6,5;23;9;14;6;4;21;10;2,9;1,3;1,4;2,5;15,7;7,9;2,5;21;16;30;9;10,9;4,4;15,2;19,7;45;34;6,1;5,0;"-";1200;".";34,5;7,0;66,9;0,24;21,5;7,6;3,1;25,6;8,2;4,1;18,4;83;8;1;9;85;380;0;0,7;0,6;0;76;87
"Looiakkers";716;54,5;45,5;29;29;274;133;66;44;47;65;21;8;32;59;9;358;88;45;9;36;0;12;22;12;59;9;24;15;2410;730;".";33;95;87;74;75;77;82;7,4;7,0;46;7,2;21;4;11;3;5;10;10;5,0;0,9;1,1;4,2;6,0;3,2;1,8;16;8;24;1;54,4;5,7;4,8;38,6;14;8;7,3;6,0;"-";600;".";50,9;14,9;84,3;0,34;4,3;2,6;0,0;6,2;3,8;0,0;0,0;"x";1;2;2;115;325;16;0,6;0,4;2796;81;86
"Luytelaer";998;50,1;49,9;97;95;57;92;106;121;133;147;132;18;98;2;0;0;0;428;246;56;126;100;18;10;37;6;13;20;3700;1920;".";38;85;79;76;74;79;71;7,1;7,4;65;6,7;23;2;8;2;5;8;19;2,8;0,7;0,7;2,7;9,1;7,0;3,2;5;3;9;0;5,1;0,0;7,0;8,2;8;1;7,7;7,2;"-";800;".";78,0;46,4;82,7;0,28;1,0;1,0;0,5;1,4;1,4;0,0;0,0;"x";0;2;2;92;140;0;0,8;1,4;0;77;88
"Meerbos";60;60,0;40,0;2;6;15;5;11;4;11;6;0;0;".";".";".";0;".";1;0;0;1;".";".";".";".";".";".";".";".";".";".";".";".";".";".";".";".";".";".";".";".";".";".";".";".";".";".";".";".";5,5;2,0;2,0;5,5;".";14,0;".";".";".";".";".";55,6;37,0;0,0;37,0;".";".";".";".";"-";0;".";".";".";".";".";"-";"-";"-";".";".";"-";73,3;"x";21;0;0;8;35;0;1,3;1,6;0;".";"."
"Meerrijk";1112;53,6;46,4;88;46;231;283;102;75;130;126;30;1;44;30;26;420;90;52;8;44;0;10;16;9;43;11;29;32;2380;120;81;23;90;86;77;76;80;78;7,6;7,5;63;7,3;13;2;9;3;3;14;7;6,1;0,8;0,8;6,1;8,6;3,4;2,5;15;7;13;0;23,6;2,1;2,0;32,1;18;3;7,9;5,8;"-";800;".";50,4;19,3;82,7;0,21;1,1;1,1;0,0;1,6;1,2;0,0;1,0;"x";0;2;3;92;480;15;0,0;0,0;6223;84;82
"Mensfort";3202;51,7;48,2;302;277;602;613;347;367;313;245;120;16;41;18;41;718;46;860;202;648;10;54;18;12;55;8;19;19;2220;920;".";24;90;80;67;74;68;74;7,0;6,4;67;6,5;19;8;13;4;6;19;14;0,9;0,4;0,4;0,9;10,6;10,5;2,9;20;12;25;5;15,1;3,2;7,5;10,9;25;14;6,8;5,2;2;2500;31,2;36,0;6,3;69,4;0,23;16,5;6,9;4,0;20,1;6,9;4,0;14,8;117;5;1;8;250;650;8;0,3;0,7;2408;81;91
"Mispelhoef";19;68,4;"x";0;1;4;0;3;4;3;4;0;0;".";".";".";0;".";7;0;0;7;".";".";".";".";".";".";".";5630;2670;".";".";".";".";".";".";".";".";".";".";".";".";".";".";".";".";".";".";".";6,5;4,1;4,9;6,5;".";4,5;".";".";".";".";".";166,7;83,3;0,0;41,7;".";".";".";".";"-";0;".";".";".";".";".";"-";"-";"-";".";".";"-";0,0;"x";0;".";".";102;6360;1;4,6;2,5;700;".";"."
"Muschberg, Geestenberg";3966;51,8;48,2;318;434;611;637;489;531;400;411;126;9;46;9;45;469;26;1433;433;971;29;74;21;7;51;15;25;24;2430;980;".";45;92;82;72;70;74;70;7,0;6,9;61;6,9;27;3;13;5;6;11;18;4,6;0,9;0,9;3,3;17,0;8,7;2,7;12;7;20;4;6,3;2,8;3,1;15,2;15;9;7,3;6,3;1;3300;31,8;39,0;9,3;71,3;0,22;10,9;4,8;2,1;14,0;5,2;2,4;10,3;110;4;1;8;477;1110;4;0,6;0,5;1710;71;92
"Nieuwe Erven";1171;52,7;47,3;74;89;316;208;150;119;89;86;36;4;14;23;63;257;54;304;76;228;0;46;29;11;48;9;31;18;2130;960;".";36;90;76;73;73;73;74;7,1;6,6;53;6,7;22;7;10;2;5;11;14;5,5;0,6;0,3;4,4;17,6;9,0;2,5;14;9;18;2;28,2;7,9;6,6;22,0;16;5;7,5;6,3;3;900;".";33,7;7,0;69,8;0,24;18,4;8,7;4,1;20,3;7,7;4,1;14,1;53;6;1;10;131;555;23;0,3;0,3;5335;75;89
"Ooievaarsnest";894;50,4;49,6;70;121;53;59;122;119;133;148;60;9;97;3;0;2;1;363;174;63;126;99;30;4;41;10;22;19;3860;1820;".";43;86;75;68;71;73;72;6,8;7,0;62;6,7;27;5;17;7;8;20;21;2,2;1,2;1,2;2,2;6,8;4,6;2,3;6;8;15;2;11,1;1,1;2,7;2,2;20;7;7,4;6,3;9;700;".";77,7;47,6;82,6;0,26;0,6;0,6;0,0;1,1;1,1;0,0;0,0;"x";0;0;2;72;95;0;1,1;1,0;0;80;92
"Oude Gracht-Oost";1312;49,8;50,2;128;183;99;126;153;202;185;139;78;19;96;4;0;1;0;560;240;238;82;100;18;10;37;6;13;20;3090;1530;".";38;85;79;76;74;79;71;7,1;7,4;65;6,7;23;2;8;2;5;8;19;2,6;1,0;0,8;1,6;13,8;5,5;2,4;5;3;9;0;10,6;2,3;7,1;9,9;8;1;7,7;7,2;4;1100;".";67,5;37,2;86,9;0,25;0,8;0,4;0,0;1,1;0,7;0,0;0,0;"x";0;1;3;148;990;0;1,0;0,7;0;77;88
"Oude Gracht-West";2896;52,0;48,0;255;219;518;557;329;323;254;246;166;29;47;12;41;828;54;705;192;513;0;46;24;14;49;10;19;24;2250;820;".";26;80;71;71;68;76;69;6,8;7,0;74;6,3;30;5;21;9;11;19;20;2,2;0,6;0,5;1,1;13,1;11,9;3,0;15;10;14;4;10,3;2,8;4,6;11,0;18;8;7,2;5,8;"-";2400;".";38,7;8,7;73,6;0,23;11,3;4,2;2,3;14,7;4,8;2,6;9,5;90;5;2;8;212;745;10;0,5;0,3;2708;77;87
"Oude Spoorbaan";2185;54,5;45,5;128;135;656;456;242;235;161;131;36;5;34;48;18;784;61;491;173;306;12;39;29;15;51;7;28;23;2140;840;".";36;92;80;71;74;77;75;7,1;7,1;58;6,8;19;8;9;5;5;15;15;4,5;0,6;0,6;3,8;13,2;5,4;1,8;11;7;18;2;16,8;4,1;8,6;30,9;17;8;7,4;6,3;"-";1900;".";40,1;12,0;78,7;0,26;9,4;5,1;2,8;11,7;5,4;2,9;7,0;54;3;1;5;254;535;10;0,6;0,4;3141;71;89
"Oude Toren";1722;53,3;46,7;105;100;351;249;124;160;188;246;173;26;37;17;46;789;76;250;109;130;11;24;30;8;55;10;23;20;2000;980;".";35;88;81;68;72;69;70;7,0;7,0;60;6,6;27;12;18;6;11;20;14;1,7;0,6;1,3;1,2;11,8;17,4;3,7;13;11;28;5;11,9;1,2;2,9;13,6;22;13;7,2;5,1;7;1500;".";35,1;7,2;64,4;0,27;18,2;8,2;3,1;20,1;7,3;3,1;11,9;89;9;2;9;106;215;0;0,6;0,6;0;79;89
"Park Forum";25;60,0;40,0;3;6;3;2;6;4;1;0;0;0;".";".";".";0;".";8;0;0;8;".";".";".";".";".";".";".";6050;1300;".";".";".";".";".";".";".";".";".";".";".";".";".";".";".";".";".";".";".";6,2;2,6;2,6;6,2;".";6,7;".";".";".";".";".";120,0;40,0;0,0;240,0;".";".";".";".";176;0;".";".";".";".";".";"-";"-";"-";".";".";"-";".";"x";0;".";".";48;670;0;2,6;2,7;0;".";"."
"Philipsdorp";3303;52,1;47,9;221;147;948;725;382;345;271;182;68;14;19;42;39;936;56;825;267;544;14;44;25;10;53;14;25;20;2260;590;".";32;89;85;65;68;67;71;7,0;6,8;48;6,8;18;6;11;2;4;13;12;3,4;0,7;0,7;3,1;13,9;7,5;2,0;13;3;21;1;27,9;3,4;3,2;14,3;17;7;7,4;6,0;"-";2700;40,9;42,1;13,4;80,8;0,29;10,7;4,6;2,1;13,1;5,4;2,8;7,2;70;3;2;4;418;1490;8;0,5;0,3;2324;65;90
"Poeijers";"x";"-";"-";"x";"x";"x";"x";"x";"x";"x";"x";"x";"x";".";".";".";0;".";0;0;0;0;".";".";".";".";".";".";".";".";".";".";".";".";".";".";".";".";".";".";".";".";".";".";".";".";".";".";".";".";".";".";".";".";".";".";".";".";".";".";".";".";".";".";".";".";".";".";".";"-";0;".";".";".";".";".";"-";"-";"-";".";".";"-";".";".";".";".";".";9;6000;0;".";".";0;".";"."
"Prinsejagt";4716;51,4;48,6;384;431;685;660;580;591;541;437;339;68;45;6;48;921;39;1462;477;944;41;61;25;12;46;5;19;17;2480;990;".";39;89;79;70;66;68;71;7,0;6,8;63;6,9;20;5;11;6;5;18;17;1,4;0,8;1,3;1,4;11,0;13,8;2,9;14;9;14;4;5,5;3,4;4,6;6,1;15;6;7,4;6,3;"-";4000;32,8;40,0;11,9;72,5;0,24;11,7;4,6;2,0;16,4;5,5;2,4;10,0;143;5;1;8;305;610;5;0,6;0,7;1859;81;89
"Puttense Dreef";1283;52,0;48,0;160;163;109;182;203;202;143;87;27;7;62;38;0;36;7;487;151;187;149;93;13;3;23;5;24;26;3340;1150;".";37;88;81;75;66;75;64;7,2;7,2;54;7,1;27;5;16;3;5;12;22;3,9;1,3;1,7;3,9;6,6;3,0;1,9;4;3;15;0;10,9;0,0;0,0;6,2;9;4;7,8;7,0;"-";1000;".";69,3;35,6;85,8;0,29;1,6;0,8;0,4;2,6;0,9;0,0;0,0;"x";0;1;2;151;180;0;0,6;1,0;0;79;89
"Rapelenburg";1266;50,7;49,2;128;87;329;255;148;114;112;65;25;3;40;49;10;282;52;317;133;171;13;48;27;14;53;17;36;29;2500;690;".";36;91;77;62;68;67;69;6,9;6,7;51;6,7;27;8;15;5;7;19;15;4,7;0,5;0,5;4,6;10,7;2,3;1,7;22;11;21;5;10,9;5,5;12,0;16,4;30;20;6,8;5,9;11;900;".";44,6;16,6;85,8;0,23;3,4;2,5;0,6;5,5;3,7;1,1;0,0;"x";1;1;2;149;410;7;0,4;0,4;403;67;88
"Rapenland";2340;52,9;47,1;204;222;622;400;277;229;199;122;57;8;33;22;45;605;51;587;186;391;10;49;18;12;55;8;19;19;2210;850;".";24;90;80;67;74;68;74;7,0;6,4;67;6,5;19;8;13;4;6;19;14;0,6;0,5;0,5;0,6;12,8;6,0;2,3;20;12;25;5;17,7;12,2;2,5;21,5;25;14;6,8;5,2;4;1900;".";38,2;8,3;71,7;0,25;14,9;6,9;3,5;16,4;6,2;3,0;12,1;77;4;1;6;252;5490;21;0,4;0,4;4577;81;91
"Riel";113;46,9;53,1;7;10;11;6;14;21;20;17;6;1;96;4;0;0;0;46;4;11;31;100;".";".";".";".";".";".";5040;1500;".";".";".";".";".";".";".";".";".";".";".";".";".";".";".";".";".";".";".";3,3;1,7;2,3;3,3;".";".";".";".";".";".";".";0,0;0,0;0,0;7,9;".";".";".";".";"-";100;".";".";".";".";".";3,8;0,0;0,0;".";".";"-";0,0;"x";1;0;0;22;45;0;1,2;1,6;0;".";"."
"Rochusbuurt";1830;55,1;44,9;122;138;687;351;197;139;98;82;14;2;28;51;21;706;72;257;96;154;7;28;22;12;59;9;24;15;2400;850;".";33;95;87;74;75;77;82;7,4;7,0;46;7,2;21;4;11;3;5;10;10;4,2;0,5;0,5;3,4;9,3;3,8;1,7;16;8;24;1;18,3;5,0;8,9;11,1;14;8;7,3;6,0;3;1500;".";40,2;11,4;80,5;0,26;10,7;5,7;1,9;14,6;7,0;2,3;4,1;45;3;1;3;232;380;11;0,3;0,3;1417;81;86
"Roosten";751;51,3;48,7;83;165;39;35;125;121;71;76;32;4;98;2;0;0;1;255;144;0;111;99;31;7;45;9;20;32;4640;2050;".";38;87;80;74;75;83;77;7,4;7,3;58;7,2;16;3;10;2;3;8;21;6,6;1,6;1,2;5,8;9,3;2,8;2,0;2;3;12;0;6,7;0,0;0,0;12,1;8;4;7,8;7,6;"-";600;".";95,4;64,0;88,1;0,27;1,3;1,3;0,7;1,6;1,2;0,0;0,4;"x";0;2;2;95;140;0;1,1;0,7;0;70;90
"Schoot";3561;57,2;42,8;167;233;1281;732;325;292;264;175;74;18;20;49;31;1497;69;669;262;386;21;31;34;27;46;8;23;24;2210;570;".";40;93;80;67;69;67;73;7,2;7,0;50;6,7;19;3;11;2;4;10;14;3,3;0,7;0,6;3,3;11,1;5,2;1,8;9;7;22;2;20,9;4,5;3,7;8,2;11;4;7,6;6,3;0;3100;37,0;39,4;9,5;80,7;0,26;8,0;4,4;1,2;9,9;4,9;1,3;4,3;47;2;1;4;321;2400;16;0,6;0,5;2608;63;91
"Schouwbroek";1520;55,2;44,8;104;131;289;281;176;213;182;106;36;2;53;18;29;370;49;415;141;257;17;51;25;10;53;14;25;20;2480;820;".";32;89;85;65;68;67;71;7,0;6,8;48;6,8;18;6;11;2;4;13;12;3,9;0,5;0,4;3,8;13,7;8,6;2,5;13;3;21;1;15,0;3,9;5,0;20,9;17;7;7,4;6,0;4;1300;".";41,6;12,8;75,1;0,25;11,8;5,3;2,0;13,8;5,1;2,2;9,1;46;4;1;6;147;445;11;0,4;0,3;3557;65;90
"Schrijversbuurt";3569;53,0;47,0;292;391;678;435;440;466;431;311;113;12;60;17;23;606;39;985;339;619;27;61;29;15;51;7;28;23;2870;1190;".";36;92;80;71;74;77;75;7,1;7,1;58;6,8;19;8;9;5;5;15;15;4,6;0,6;0,6;3,9;9,3;8,7;2,2;11;7;18;2;15,2;3,9;14,3;19,6;17;8;7,4;6,3;"-";3000;44,0;53,7;24,7;76,9;0,33;8,2;4,8;1,7;12,8;8,0;2,9;3,2;111;5;1;5;471;1110;21;0,5;0,3;3364;71;89
"Schuttersbosch";719;46,2;53,8;57;105;33;36;109;126;89;85;67;12;50;1;48;0;0;312;43;25;244;100;13;3;23;5;24;26;3410;1160;".";37;88;81;75;66;75;64;7,2;7,2;54;7,1;27;5;16;3;5;12;22;5,7;1,3;1,1;5,3;11,9;14,9;3,2;4;3;15;0;6,0;1,5;0,0;6,0;9;4;7,8;7,0;"-";500;".";63,2;32,5;85,7;0,34;6,4;1,6;0,0;10,6;1,8;0,0;5,2;"x";0;0;6;59;70;0;1,1;0,7;0;79;89
"Sintenbuurt";1928;50,4;49,6;256;193;243;406;263;211;179;115;49;13;62;8;30;188;24;706;188;514;4;76;22;11;50;10;23;27;2380;990;".";30;88;79;71;71;74;70;6,9;6,5;56;7,1;30;9;17;7;10;17;16;5,2;0,3;0,6;4,1;15,7;8,9;2,4;20;12;19;7;8,9;1,6;1,0;6,3;20;13;7,0;5,8;2;1500;".";44,1;17,6;77,4;0,25;10,7;4,9;2,1;15,1;5,8;3,2;12,0;35;3;2;6;156;335;2;0,7;0,5;254;75;89
"Sportpark Aalsterweg";20;65,0;"x";2;2;3;4;3;3;1;2;0;0;".";".";".";0;".";8;4;0;4;".";".";".";".";".";".";".";4200;1630;".";".";".";".";".";".";".";".";".";".";".";".";".";".";".";".";".";".";".";6,0;1,0;1,5;5,6;".";".";".";".";".";".";".";1130,4;695,7;0,0;782,6;".";".";".";".";"-";0;".";".";".";".";".";"-";"-";"-";".";".";"-";".";"x";7;".";".";28;840;0;1,1;1,2;0;".";"."
"Strijp S";3125;57,2;42,8;67;42;1572;1006;195;133;78;25;7;0;7;44;49;1312;100;0;0;0;0;0;28;10;57;13;28;27;1740;30;71;34;91;94;69;71;66;71;7,3;6,2;48;6,8;12;4;13;1;1;11;5;2,9;1,1;1,1;2,9;9,0;3,9;1,4;20;9;47;2;52,8;3,3;4,4;20,6;16;6;7,6;6,0;1;2600;43,7;43,1;9,6;87,7;0,26;7,3;4,1;0,5;9,1;4,7;0,7;4,8;65;2;1;3;897;3260;34;0,5;0,5;3549;80;94
"'t Hofke";3791;53,2;46,8;318;470;621;472;418;491;478;359;142;22;34;8;59;808;46;1068;489;501;78;54;21;7;51;15;25;24;2390;900;".";45;92;82;72;70;74;70;7,0;6,9;61;6,9;27;3;13;5;6;11;18;4,8;0,9;0,9;2,9;9,1;9,6;2,7;12;7;20;4;5,8;3,4;2,6;6,8;15;9;7,3;6,3;"-";3000;31,5;40,5;12,6;67,7;0,27;16,8;8,2;4,2;22,4;9,3;5,1;14,0;153;6;1;7;232;715;6;0,6;0,4;2187;71;92
"'t Hool";2298;48,9;51,1;275;316;303;337;319;285;197;152;99;15;32;4;65;485;48;544;189;330;25;52;23;17;49;14;32;24;2450;1150;".";37;88;81;65;71;75;73;7,1;6,8;59;6,6;27;10;21;4;8;18;16;1,9;0,6;0,8;1,9;10,8;10,0;2,6;23;16;20;8;7,9;3,1;6,8;7,9;28;26;6,5;5,3;6;1700;".";39,7;12,5;61,9;0,26;20,0;9,4;4,4;21,5;8,5;3,9;19,6;146;10;1;8;137;180;0;1,1;1,0;0;77;88
"Tempel";5173;48,0;52,0;529;632;545;692;630;659;554;505;375;52;44;2;53;329;14;2009;663;1321;25;86;22;9;38;9;23;24;2540;1050;".";30;92;78;76;67;76;73;7,0;6,9;63;6,7;34;5;18;10;10;22;22;2,6;0,5;0,8;2,6;12,0;11,7;3,3;14;9;12;6;9,5;3,3;1,3;12,4;29;19;6,9;5,9;2;4200;31,7;41,1;11,5;72,0;0,22;10,3;3,6;1,4;14,2;3,8;1,6;11,0;125;4;2;9;404;1705;25;0,5;0,5;16239;85;92
"Tivoli";1530;48,4;51,6;186;139;150;245;213;212;204;131;42;8;6;2;92;173;23;646;133;512;1;77;22;11;50;10;23;27;2430;840;".";30;88;79;71;71;74;70;6,9;6,5;56;7,1;30;9;17;7;10;17;16;5,2;0,8;1,0;4,7;17,5;14,8;3,2;20;12;19;7;2,6;7,9;1,2;11,2;20;13;7,0;5,8;4;1200;".";29,5;3,0;54,6;0,21;31,2;12,3;6,1;35,8;12,4;7,0;30,1;112;11;1;15;86;105;3;0,8;0,4;221;75;89
"Tongelresche Akkers";2097;49,9;50,1;401;269;162;529;371;168;97;81;17;2;67;9;25;136;19;510;208;247;55;81;21;23;36;8;23;21;3070;500;".";28;87;77;70;75;62;58;7,2;7,2;53;6,8;18;6;11;6;6;10;20;5,2;0,8;0,8;3,7;9,6;4,3;1,8;10;7;16;1;1,5;1,0;2,7;23,4;21;22;7,1;6,4;5;1400;".";60,1;37,7;86,0;0,25;4,3;1,9;0,8;6,6;2,4;1,5;4,6;12;1;1;3;129;245;3;0,6;1,4;1599;85;95
"Tuindorp";2877;49,6;50,4;205;265;575;381;306;324;247;224;223;127;48;21;31;856;59;570;159;407;4;41;29;11;48;9;31;18;2380;1130;".";36;90;76;73;73;73;74;7,1;6,6;53;6,7;22;7;10;2;5;11;14;4,9;0,9;0,7;4,0;9,5;17,5;2,7;14;9;18;2;21,4;0,7;5,6;8,3;16;5;7,5;6,3;1;2400;".";47,7;21,4;86,4;0,29;6,9;2,2;0,9;11,5;3,3;1,3;5,4;30;2;1;3;254;615;3;0,6;0,3;222;75;89
"TU-terrein";794;66,0;34,0;0;123;565;96;8;2;0;0;0;0;0;66;34;666;100;0;0;0;0;0;".";".";".";".";".";".";920;2130;".";".";".";".";".";".";".";".";".";".";".";".";".";".";".";".";".";".";".";3,0;1,7;1,9;1,4;".";1,9;".";".";".";".";".";147,4;15,8;0,0;48,7;".";".";".";".";"-";600;".";24,4;0,0;82,3;0,22;9,6;3,8;"-";8,3;5,0;"-";0,3;"x";1;0;0;154;6185;1;0,2;1,5;166;".";"."
"Urkhoven";187;57,2;42,8;15;32;42;16;19;24;23;9;6;1;66;16;18;2;5;35;12;7;16;95;".";".";".";".";".";".";3890;1860;".";".";".";".";".";".";".";".";".";".";".";".";".";".";".";".";".";".";".";3,9;1,1;1,1;3,7;11,8;5,3;".";".";".";".";".";17,3;5,8;26,3;28,9;".";".";".";".";63;100;".";".";".";".";".";16,3;9,8;6,8;".";".";"-";13,3;"x";5;0;9;22;75;1;1,1;1,2;1500;".";"."
"Vaartbroek";5356;50,6;49,4;582;662;749;764;713;659;550;419;228;30;35;9;56;790;32;1703;556;1112;35;68;17;12;42;9;21;24;2480;1040;".";28;84;71;73;63;77;64;6,7;6,6;68;6,6;29;7;15;5;9;21;18;3,3;0,9;0,9;3,3;13,9;9,9;3,0;20;14;23;7;3,2;2,8;2,0;7,0;30;23;6,6;5,6;2;4100;30,7;37,8;8,6;66,0;0,24;15,9;7,4;3,2;19,3;7,0;3,4;16,4;259;7;1;8;354;725;17;0,6;0,7;3847;76;83
"Villapark";2505;54,2;45,8;210;266;486;349;336;311;270;197;70;10;55;26;19;494;42;638;349;210;79;58;22;5;53;11;23;25;3110;1270;".";33;90;84;66;70;70;72;7,2;7,2;49;7,0;19;2;8;4;7;9;13;4,2;0,7;0,7;2,9;6,9;6,0;1,8;14;6;17;1;21,9;2,4;11,2;9,3;17;11;7,5;6,8;"-";1900;".";82,2;33,5;83,7;0,45;4,3;2,1;0,5;7,8;3,1;1,1;4,2;50;3;1;3;375;2180;8;0,8;0,5;2732;70;87
"Vlokhoven";3595;49,3;50,7;326;431;548;481;402;425;399;303;233;47;34;9;57;629;37;1067;301;749;17;63;24;16;50;7;21;20;2380;1000;".";37;85;80;71;71;69;60;6,6;6,5;65;6,2;36;6;19;11;11;27;27;1,7;1,1;1,0;1,7;11,9;15,9;3,1;28;24;23;8;5,4;1,7;4,7;13,8;30;14;6,7;5,6;2;2900;28,9;36,2;7,0;66,2;0,22;17,3;6,3;3,3;21,4;6,3;3,3;15,8;142;6;1;9;204;650;2;1,0;0,4;620;73;94
"Vredeoord";464;76,3;23,7;0;26;83;110;93;66;61;22;3;0;0;86;14;17;10;25;22;1;2;90;".";".";".";".";".";".";4630;1260;37;".";".";".";".";".";".";".";".";".";".";".";".";".";".";".";".";".";".";3,0;1,3;2,0;3,0;".";10,0;".";".";".";".";".";39,8;205,5;0,0;48,2;".";".";".";".";9;100;".";".";".";".";".";"-";"-";"-";".";".";"-";11,3;84;21;0;50;7;1820;0;2,1;2,1;0;".";"."
"Waterrijk";2563;51,7;48,3;391;500;203;467;585;304;65;46;2;0;74;18;8;129;13;774;144;335;295;87;16;9;43;11;29;32;3510;440;63;23;90;86;77;76;80;78;7,6;7,5;63;7,3;13;2;9;3;3;14;7;5,2;1,9;1,8;5,2;8,8;1,6;1,4;15;7;13;0;2,3;1,2;3,3;2,3;18;3;7,9;5,8;3;1800;".";71,9;48,5;88,9;0,25;2,0;1,8;0,6;2,4;1,9;0,6;2,3;12;1;1;2;197;255;0;1,8;1,9;0;84;82
"Wielewaal";115;53,9;46,1;7;27;9;10;15;25;9;8;5;0;79;21;0;0;0;39;0;0;39;100;".";".";".";".";".";".";6550;2310;".";".";".";".";".";".";".";".";".";".";".";".";".";".";".";".";".";".";".";4,8;2,8;3,2;4,8;4,9;2,0;".";".";".";".";".";0,0;18,2;0,0;54,5;".";".";".";".";67;100;".";".";".";".";".";0,0;0,0;0,0;".";".";"-";0,0;"x";0;0;0;13;115;0;3,5;0,8;0;".";"."
"Winkelcentrum";676;57,2;42,8;17;35;183;134;77;69;55;60;41;5;54;46;0;475;100;0;0;0;0;0;23;17;49;14;32;24;1870;640;".";37;88;81;65;71;75;73;7,1;6,8;59;6,6;27;10;21;4;8;18;16;1,4;0,5;0,6;1,4;3,8;7,3;2,2;23;16;20;8;157,1;23,5;4,2;145,4;28;26;6,5;5,3;12;600;".";37,5;6,3;82,5;0,24;4,1;2,5;0,0;5,8;2,8;0,0;2,9;"x";1;0;4;195;1490;122;0,5;0,3;32020;77;88
"Witte Dame";2262;57,0;42,9;110;57;767;699;211;152;106;104;48;8;14;71;15;1645;100;0;0;0;0;0;27;13;69;9;25;13;2000;40;91;31;93;86;65;75;61;75;7,2;6,9;51;6,4;16;5;7;2;4;23;11;3,4;1,0;1,0;2,6;5,0;3,5;1,5;19;9;27;3;108,4;26,4;9,7;137,0;38;21;7,0;5,5;1;1900;".";47,2;15,9;85,2;0,33;6,0;3,4;0,8;7,5;3,8;0,6;1,5;13;1;1;2;418;2315;11;0,3;0,4;4742;73;87
"Woenselse Heide";5287;47,8;52,2;582;659;638;652;674;707;618;423;279;55;45;5;50;409;19;1785;599;1183;3;81;19;8;46;6;22;24;2610;1100;".";28;91;79;65;62;69;66;6,9;6,7;64;6,7;31;7;16;9;11;17;22;2,3;1,2;1,0;2,3;12,5;11,5;2,9;15;13;19;7;5,9;3,2;1,8;8,0;22;10;7,1;5,6;1;4100;32,3;44,0;14,3;70,3;0,24;12,8;6,0;2,6;15,9;5,9;2,7;12,9;148;4;1;8;351;1625;6;0,6;0,6;2685;81;92
"Woenselse Watermolen";1646;55,3;44,7;176;81;356;555;183;79;83;77;49;7;6;86;8;434;75;218;93;125;0;25;30;8;55;10;23;20;1900;770;".";35;88;81;68;72;69;70;7,0;7,0;60;6,6;27;12;18;6;11;20;14;2,1;1,3;1,3;1,6;2,5;4,1;1,7;13;11;28;5;13,0;1,9;2,3;6,8;22;13;7,2;5,1;5;1000;".";47,7;17,8;83,4;0,24;3,3;1,1;0,5;4,6;1,1;0,0;1,8;"x";0;1;2;70;1380;0;0,5;0,5;0;79;89
"Woensel-West";5850;52,6;47,4;616;892;1530;1117;641;551;294;152;46;11;24;18;58;561;30;1474;337;1133;4;70;30;13;57;16;30;24;2350;740;14;43;87;74;68;69;57;60;6,8;6,3;55;6,7;20;8;11;4;5;15;10;1,8;0,6;0,6;1,8;12,1;5,9;2,1;24;17;37;5;11,6;4,6;7,8;20,5;26;32;6,7;6,2;0;3600;31,2;36,5;8,2;72,0;0,25;17,7;9,4;4,6;20,5;9,1;4,1;14,8;194;4;1;6;528;835;35;0,8;0,4;2780;76;89
"Zandrijk";2864;51,2;48,8;300;416;226;346;477;459;281;261;96;2;77;5;19;206;18;937;434;437;66;82;22;8;50;13;24;29;3260;50;93;37;90;81;77;69;77;74;7,3;7,2;50;7,2;23;3;8;3;6;16;18;5,7;1,8;1,8;5,7;12,7;6,3;2,3;10;7;14;2;3,8;0,7;3,5;0,3;6;3;7,7;6,0;"-";2200;".";61,0;34,7;80,6;0,25;3,7;1,8;0,6;5,3;1,9;0,5;3,1;12;1;1;5;184;225;0;0,7;0,7;0;76;88
"Zwaanstraat";1372;49,3;50,7;331;121;71;335;290;128;70;22;4;0;76;22;2;65;14;409;201;163;45;86;18;7;30;14;17;27;2730;250;5;29;94;78;75;71;69;54;6,6;7,1;63;7,1;8;0;3;0;0;4;20;3,2;1,5;1,5;3,2;6,3;0,5;1,2;7;3;26;0;11,7;1,5;6,1;5,1;9;13;7,6;7,1;6;900;".";78,9;62,5;91,1;0,20;0,8;0,4;0,0;1,0;0,4;0,0;0,0;"x";0;1;1;229;1655;0;1,3;1,2;0;72;93
"Onbekend";"";"";"";"";"";"";"";"";"";"";"";"";"";"";"";"";"";"";"";"";"";"";"";"";"";"";"";"";"";"";"";"";"";"";"";"";"";"";"";"";"";"";"";"";"";"";"";"";"";"";"";"";"";"";".";".";".";"";"";"";"";"";"";"";"";"";"";"";"";313;"";"";"";"";"";"";"";"";"";"";"";"";"";"";"";"";"";"";20;"";"";"";"";"";""
